﻿{
  "type": "object",
  "properties": {
    "showPreviousViewOnLoad": {
      "title": "Mở lại PDF ở trang cuối cùng mình đã xem",
      "description": "Liệu có mở file PDF ở trang và vị trí lần trước mình đã xem.",
      "type": "boolean",
      "default": true
    },
    "defaultZoomValue": {
      "title": "Độ Zoom mặc định",
      "description": "Default zoom level of the viewer. Accepted values: 'auto', 'page-actual', 'page-width', 'page-height', 'page-fit', or a zoom level in percents.",
      "type": "string",
      "pattern": "|auto|page-actual|page-width|page-height|page-fit|[0-9]+\\.?[0-9]*(,[0-9]+\\.?[0-9]*){0,2}",
      "default": ""
    },
    "sidebarViewOnLoad": {
      "title": "Sidebar state on load",
      "description": "Controls the state of the sidebar upon load.\n 0 = do not show sidebar ##.\n 1 = show thumbnails in sidebar.\n 2 = show document outline in sidebar.\n 3 = Show attachments in sidebar.",
      "type": "integer",
      "enum": [
        0,
        1,
        2,
        3
      ],
      "default": 0
    },
    "enableHandToolOnLoad": {
      "title": "Mặc định mở chế độ Hand tool",
      "description": "Whether to activate the hand tool by default.",
      "type": "boolean",
      "default": false
    },
    "enableWebGL": {
      "title": "Kích hoạt WebGL",
      "description": "Whether to enable WebGL.",
      "type": "boolean",
      "default": false
    },
    "useOnlyCssZoom": {
      "type": "boolean",
      "default": false
    }
  }
}
